<?xml version="1.0" encoding="utf-8"?>
<Defs>
  <BiomeDef>
    <defName>Permafrost</defName>
		<label>permafrost</label>
		<description>Permafrost exists on the border between tundra and ice sheets. The ground is permanently frozen, and much of it is covered in ice, but the ice is at most a few meters, rather than kilometers, thick. There is little vegetation beyond scrub brush, and few animals.</description>
    <workerClass>RimUniverse.BiomesModule.BiomeWorker_Permafrost</workerClass>
    <animalDensity>1.125</animalDensity>
    <plantDensity>0.150</plantDensity>
    <settlementSelectionWeight>0.18</settlementSelectionWeight>
    <movementDifficulty>1.5</movementDifficulty>
    <texture>World/Biomes/Permafrost</texture>
    <forageability>0.19</forageability>
    <foragedFood>RawBerries</foragedFood>
    <wildPlantRegrowDays>56</wildPlantRegrowDays>
    <soundsAmbient>
      <li>Ambient_NightInsects_Standard</li>
    </soundsAmbient>
    <diseaseMtbDays>85</diseaseMtbDays>
    <diseases>
      <li>
        <diseaseInc>Disease_Flu</diseaseInc>
        <commonality>100</commonality>
      </li>
      <li>
        <diseaseInc>Disease_Plague</diseaseInc>
        <commonality>80</commonality>
      </li>
      <li>
        <diseaseInc>Disease_FibrousMechanites</diseaseInc>
        <commonality>35</commonality>
      </li>
      <li>
        <diseaseInc>Disease_SensoryMechanites</diseaseInc>
        <commonality>35</commonality>
      </li>
      <li>
        <diseaseInc>Disease_MuscleParasites</diseaseInc>
        <commonality>15</commonality>
      </li>
      <li>
        <diseaseInc>Disease_AnimalFlu</diseaseInc>
        <commonality>100</commonality>
      </li>
      <li>
        <diseaseInc>Disease_AnimalPlague</diseaseInc>
        <commonality>80</commonality>
      </li>
    </diseases>
    <terrainsByFertility>
      <li>
        <terrain>Ice</terrain>
        <min>-999</min>
        <max>1.45</max>
        </li>
      <li>
        <terrain>Gravel</terrain>
        <min>1.45</min>
        <max>999</max>
      </li>
    </terrainsByFertility>
    <terrainPatchMakers>
      <li>
        <perlinFrequency>0.012</perlinFrequency>
        <thresholds>
          <li>
            <terrain>WaterShallow</terrain>
            <min>1.05</min>
            <max>1.85</max>
          </li>
					<li>
						<terrain>WaterDeep</terrain>
						<min>1.85</min>
						<max>999</max>
					</li>
        </thresholds>
      </li>
    </terrainPatchMakers>
		<baseWeatherCommonalities>
			<Clear>4.036</Clear>
			<DryThunderstorm>0.359</DryThunderstorm>
			<Fog>1.076</Fog>
			<FoggyRain>0.717</FoggyRain>
			<Rain>0.448</Rain>
			<RainyThunderstorm>0.135</RainyThunderstorm>
			<SnowGentle>1.345</SnowGentle>
			<SnowHard>0.538</SnowHard>
		</baseWeatherCommonalities>
		<wildPlants>
      <Plant_Grass>3.750</Plant_Grass>
      <Plant_Moss>6.250</Plant_Moss>
		</wildPlants>
		<wildAnimals>
      <Bear_Polar>0.282</Bear_Polar>
      <Caribou>0.282</Caribou>
      <Elk>0.940</Elk>
      <Fox_Arctic>0.094</Fox_Arctic>
      <Ibex>0.940</Ibex>
      <Lynx>0.188</Lynx>
      <Megasloth>0.002</Megasloth>
      <Muffalo>0.056</Muffalo>
      <Snowhare>1.175</Snowhare>
      <Wolf_Arctic>0.188</Wolf_Arctic>
      <Yak>0.282</Yak>
		</wildAnimals>
    <allowedPackAnimals>
      <li>Muffalo</li>
    </allowedPackAnimals>
  </BiomeDef>
</Defs>