<?xml version="1.0" encoding="utf-8"?>
<Defs>
  <BiomeDef>
    <defName>Woodland</defName>
		<label>woodland</label>
		<description>A Woodland is a land covered with trees in a less density than forests. They form open habitats with plenty of sunlight. Woodlands may support shrubs and herbaceous plants including grasses and healroots. Woodlands are a form of transition to shrublands under dryer conditions.</description>
    <workerClass>RimUniverse.BiomesModule.BiomeWorker_Woodland</workerClass>
    <animalDensity>4.500</animalDensity>
    <plantDensity>1.750</plantDensity>
    <settlementSelectionWeight>0.65</settlementSelectionWeight>
    <movementDifficulty>1</movementDifficulty>
    <texture>World/Biomes/Woodland</texture>
    <forageability>0.8</forageability>
    <foragedFood>RawBerries</foragedFood>
    <wildPlantRegrowDays>25</wildPlantRegrowDays>
    <soundsAmbient>
      <li>Ambient_NightInsects_Standard</li>
    </soundsAmbient>
    <diseaseMtbDays>65</diseaseMtbDays>
    <diseases>
      <li>
        <diseaseInc>Disease_Flu</diseaseInc>
        <commonality>100</commonality>
      </li>
      <li>
        <diseaseInc>Disease_Plague</diseaseInc>
        <commonality>100</commonality>
      </li>
      <li>
        <diseaseInc>Disease_FibrousMechanites</diseaseInc>
        <commonality>30</commonality>
      </li>
      <li>
        <diseaseInc>Disease_SensoryMechanites</diseaseInc>
        <commonality>30</commonality>
      </li>
      <li>
        <diseaseInc>Disease_MuscleParasites</diseaseInc>
        <commonality>40</commonality>
      </li>
      
      <li>
        <diseaseInc>Disease_AnimalFlu</diseaseInc>
        <commonality>100</commonality>
      </li>
      <li>
        <diseaseInc>Disease_AnimalPlague</diseaseInc>
        <commonality>100</commonality>
      </li>
    </diseases>
    <terrainsByFertility>
      <li>
        <terrain>Gravel</terrain>
        <min>-999</min>
        <max>0.19</max>
        </li>
      <li>
        <terrain>Soil</terrain>
        <min>0.19</min>
        <max>1.59</max>
      </li>
      <li>
        <terrain>SoilRich</terrain>
        <min>1.59</min>
        <max>999</max>
      </li>
    </terrainsByFertility>
    <terrainPatchMakers>
      <li>
        <perlinFrequency>0.010</perlinFrequency>
				<thresholds>
					<li>
						<terrain>SoilRich</terrain>
						<min>0.93</min>
						<max>1.06</max>
					</li>
					<li>
						<terrain>WaterShallow</terrain>
						<min>1.06</min>
						<max>999</max>
					</li>
				</thresholds>
      </li>
    </terrainPatchMakers>
    <baseWeatherCommonalities>
      <Clear>6.818</Clear>
      <DryThunderstorm>0.091</DryThunderstorm>
      <Fog>0.364</Fog>
      <FoggyRain>0.182</FoggyRain>
      <Rain>1.182</Rain>
      <RainyThunderstorm>0.273</RainyThunderstorm>
    </baseWeatherCommonalities>
    <wildPlants>
      <Plant_Berry>0.038</Plant_Berry>
      <Plant_Brambles>0.128</Plant_Brambles>
      <Plant_Bush>1.504</Plant_Bush>
      <Plant_Dandelion>0.226</Plant_Dandelion>
      <Plant_Grass>1.504</Plant_Grass>
      <Plant_HealrootWild>0.038</Plant_HealrootWild>
      <Plant_TallGrass>1.128</Plant_TallGrass>
      <Plant_TreeCypress>1.128</Plant_TreeCypress>
      <Plant_TreeMaple>0.752</Plant_TreeMaple>
      <Plant_TreePoplar>1.128</Plant_TreePoplar>
    </wildPlants>
		<wildAnimals>
      <Alpaca>0.596</Alpaca>
      <Bear_Grizzly>0.119</Bear_Grizzly>
      <Bison>0.119</Bison>
      <Boomalope>0.002</Boomalope>
      <Boomrat>0.002</Boomrat>
      <Capybara>0.278</Capybara>
      <Cougar>0.119</Cougar>
      <Deer>0.596</Deer>
      <Donkey>0.002</Donkey>
      <Fox_Red>0.119</Fox_Red>
      <Gazelle>0.397</Gazelle>
      <Hare>0.596</Hare>
      <Horse>0.119</Horse>
      <Ibex>0.397</Ibex>
      <Lynx>0.040</Lynx>
      <Raccoon>0.199</Raccoon>
      <Rat>0.397</Rat>
      <Rhinoceros>0.119</Rhinoceros>
      <Squirrel>0.596</Squirrel>
      <Tortoise>0.119</Tortoise>
      <Turkey>0.199</Turkey>
      <Warg>0.079</Warg>
      <WildBoar>0.596</WildBoar>
      <Wolf_Timber>0.119</Wolf_Timber>
		</wildAnimals>
    <allowedPackAnimals>
      <li>Alpaca</li>
    </allowedPackAnimals>
  </BiomeDef>

  <BiomeDef>
    <defName>Grassland</defName>
		<label>grassland</label>
		<description>Grasslands, as the name suggests, are areas where the vegetation is dominated by grasses and shrubs. The soil is fertile, but there is little protection from the elements.</description>
    <workerClass>RimUniverse.BiomesModule.BiomeWorker_Grassland</workerClass>
    <animalDensity>3.925</animalDensity>
    <plantDensity>1.325</plantDensity>
    <settlementSelectionWeight>0.8</settlementSelectionWeight>
    <movementDifficulty>1</movementDifficulty>
    <texture>World/Biomes/Grassland</texture>
    <forageability>0.8</forageability>
    <foragedFood>RawBerries</foragedFood>
    <wildPlantRegrowDays>25</wildPlantRegrowDays>
    <soundsAmbient>
      <li>Ambient_NightInsects_Standard</li>
    </soundsAmbient>
    <diseaseMtbDays>65</diseaseMtbDays>
    <diseases>
      <li>
        <diseaseInc>Disease_Flu</diseaseInc>
        <commonality>100</commonality>
      </li>
      <li>
        <diseaseInc>Disease_Plague</diseaseInc>
        <commonality>100</commonality>
      </li>
      <li>
        <diseaseInc>Disease_FibrousMechanites</diseaseInc>
        <commonality>30</commonality>
      </li>
      <li>
        <diseaseInc>Disease_SensoryMechanites</diseaseInc>
        <commonality>30</commonality>
      </li>
      <li>
        <diseaseInc>Disease_MuscleParasites</diseaseInc>
        <commonality>40</commonality>
      </li>
      
      <li>
        <diseaseInc>Disease_AnimalFlu</diseaseInc>
        <commonality>100</commonality>
      </li>
      <li>
        <diseaseInc>Disease_AnimalPlague</diseaseInc>
        <commonality>100</commonality>
      </li>
    </diseases>
    <terrainsByFertility>
      <li>
        <terrain>Gravel</terrain>
        <min>-999</min>
        <max>0.09</max>
        </li>
      <li>
        <terrain>Soil</terrain>
        <min>0.09</min>
        <max>1.29</max>
      </li>
      <li>
        <terrain>SoilRich</terrain>
        <min>1.29</min>
        <max>999</max>
      </li>
    </terrainsByFertility>
    <terrainPatchMakers>
      <li>
        <perlinFrequency>0.015</perlinFrequency>
				<thresholds>
					<li>
						<terrain>SoilRich</terrain>
						<min>0.93</min>
						<max>1.16</max>
					</li>
					<li>
						<terrain>WaterShallow</terrain>
						<min>1.16</min>
						<max>999</max>
					</li>
				</thresholds>
      </li>
    </terrainPatchMakers>
		<baseWeatherCommonalities>
			<Clear>7.356</Clear>
			<DryThunderstorm>0.276</DryThunderstorm>
			<Fog>0.345</Fog>
			<FoggyRain>0.092</FoggyRain>
			<Rain>0.736</Rain>
			<RainyThunderstorm>0.184</RainyThunderstorm>
		</baseWeatherCommonalities>
		<wildPlants>
      <Plant_Berry>0.064</Plant_Berry>
      <Plant_Bush>2.564</Plant_Bush>
      <Plant_Dandelion>0.385</Plant_Dandelion>
      <Plant_Grass>2.564</Plant_Grass>
      <Plant_HealrootWild>0.064</Plant_HealrootWild>
      <Plant_TallGrass>2.564</Plant_TallGrass>
		</wildPlants>
		<wildAnimals>
      <Alpaca>0.718</Alpaca>
      <Bear_Grizzly>0.096</Bear_Grizzly>
      <Bison>0.335</Bison>
      <Boomalope>0.003</Boomalope>
      <Boomrat>0.003</Boomrat>
      <Capybara>0.335</Capybara>
      <Cougar>0.096</Cougar>
      <Deer>0.718</Deer>
      <Fox_Red>0.144</Fox_Red>
      <Gazelle>0.478</Gazelle>
      <Hare>0.718</Hare>
      <Horse>0.144</Horse>
      <Rat>0.478</Rat>
      <Squirrel>0.718</Squirrel>
      <Tortoise>0.144</Tortoise>
      <Turkey>0.144</Turkey>
      <Warg>0.096</Warg>
      <WildBoar>0.478</WildBoar>
      <Wolf_Timber>0.144</Wolf_Timber>
		</wildAnimals>
    <allowedPackAnimals>
      <li>Alpaca</li>
    </allowedPackAnimals>
  </BiomeDef>
</Defs>