<?xml version="1.0" encoding="utf-8"?>
<Patch>
  <Operation Class="PatchOperationSequence">
    <operations>

      <!-- Sea Ice Patches -->
      <li Class="PatchOperationReplace">        <!-- Perlin -->
        <xpath>/Defs/BiomeDef[defName="SeaIce"]/terrainPatchMakers</xpath>
        <value>
          <terrainPatchMakers>
            <li>
              <perlinFrequency>0.025</perlinFrequency>
              <thresholds>
                <li>
                  <terrain>WaterDeep</terrain>
                  <min>0.10</min>
                  <max>999</max>
                </li>
              </thresholds>
            </li>
          </terrainPatchMakers>
        </value>
      </li>
      <li Class="PatchOperationSequence">        <!-- Density -->
        <operations>
          <li Class="PatchOperationReplace">
            <xpath>/Defs/BiomeDef[defName = "SeaIce"]/animalDensity</xpath>
            <value>
              <animalDensity>0.450</animalDensity>
            </value>
          </li>
        </operations>
      </li>
      <li Class="PatchOperationSequence">        <!-- Weather -->
        <operations>
          <li Class="PatchOperationReplace">            <!-- Vanilla -->
            <xpath>/Defs/BiomeDef[defName="SeaIce"]/baseWeatherCommonalities</xpath>
            <value>
              <baseWeatherCommonalities>
                <Clear>3.465</Clear>
                <DryThunderstorm>0.198</DryThunderstorm>
                <Fog>0.891</Fog>
                <SnowGentle>2.970</SnowGentle>
                <SnowHard>1.980</SnowHard>
              </baseWeatherCommonalities>
            </value>
          </li>
          <li Class="PatchOperationFindMod">            <!-- ReGrowth - Core -->
            <mods>
              <li>ReGrowth - Core</li>
            </mods>
            <match Class="PatchOperationAdd">
              <xpath>/Defs/BiomeDef[defName="SeaIce"]/baseWeatherCommonalities</xpath>
              <value>
                <RG_FoggySnow>0.495</RG_FoggySnow>
              </value>
            </match>
          </li>
        </operations>
      </li>
      <li Class="PatchOperationSequence">        <!-- Animals -->
        <operations>
          <li Class="PatchOperationReplace">            <!-- Vanilla -->
            <xpath>/Defs/BiomeDef[defName="SeaIce"]/wildAnimals</xpath>
            <value>
              <wildAnimals>
                <Bear_Polar>0.704</Bear_Polar>
                <Megasloth>0.014</Megasloth>
              </wildAnimals>
            </value>
          </li>
          <li Class="PatchOperationFindMod">            <!-- Megafauna -->
            <mods>
              <li>Megafauna</li>
            </mods>
            <match Class="PatchOperationAdd">
              <xpath>/Defs/BiomeDef[defName = "SeaIce"]/wildAnimals</xpath>
              <value>
                <Elasmotherium>0.141</Elasmotherium>
                <Gomphotaria>0.141</Gomphotaria>
                <Palaeeudyptes>0.235</Palaeeudyptes>
                <Smilodon>0.047</Smilodon>
              </value>
            </match>
          </li>
          <li Class="PatchOperationFindMod">            <!-- Alpha Animals -->
            <mods>
              <li>Alpha Animals</li>
            </mods>
            <match Class="PatchOperationAdd">
              <xpath>/Defs/BiomeDef[defName = "SeaIce"]/wildAnimals</xpath>
              <value>
                <AA_Blizzarisk>0.005</AA_Blizzarisk>
                <AA_FrostAve>2.346</AA_FrostAve>
                <AA_Frostmite>1.642</AA_Frostmite>
                <AA_Radyak>0.014</AA_Radyak>
                <AA_Slurrypede>0.005</AA_Slurrypede>
                <AA_TeratogenicOriginator>0.014</AA_TeratogenicOriginator>
              </value>
            </match>
          </li>
          <li Class="PatchOperationFindMod">            <!-- VAE - Ice Sheet -->
            <mods>
              <li>Vanilla Animals Expanded - Ice Sheet</li>
            </mods>
            <match Class="PatchOperationAdd">
              <xpath>/Defs/BiomeDef[defName = "SeaIce"]/wildAnimals</xpath>
              <value>
                <AEXP_Penguin>3.519</AEXP_Penguin>
                <AEXP_Seal>0.704</AEXP_Seal>
                <AEXP_Walrus>0.469</AEXP_Walrus>
              </value>
            </match>
          </li>
        </operations>
      </li>

      <!-- Ice Sheet Patches -->
      <li Class="PatchOperationReplace">        <!-- Biomeworker -->
        <xpath>/Defs/BiomeDef[defName="IceSheet"]/workerClass</xpath>
        <value>
          <workerClass>RimUniverse.BiomesModule.BiomeWorker_IceSheet</workerClass>
        </value>
      </li>
      <li Class="PatchOperationReplace">        <!-- Perlin -->
        <xpath>/Defs/BiomeDef[defName="IceSheet"]/terrainPatchMakers</xpath>
        <value>
          <terrainPatchMakers>
            <li>
              <perlinFrequency>0.008</perlinFrequency>
              <thresholds>
                <li>
                  <terrain>WaterDeep</terrain>
                  <min>0.79</min>
                  <max>999</max>
                </li>
              </thresholds>
            </li>
          </terrainPatchMakers>
        </value>
      </li>
      <li Class="PatchOperationSequence">        <!-- Density -->
        <operations>
          <li Class="PatchOperationReplace">
            <xpath>/Defs/BiomeDef[defName = "IceSheet"]/animalDensity</xpath>
            <value>
              <animalDensity>0.650</animalDensity>
            </value>
          </li>
        </operations>
      </li>
      <li Class="PatchOperationSequence">        <!-- Weather -->
        <operations>
          <li Class="PatchOperationReplace">            <!-- Vanilla -->
            <xpath>/Defs/BiomeDef[defName="IceSheet"]/baseWeatherCommonalities</xpath>
            <value>
              <baseWeatherCommonalities>
                <Clear>3.922</Clear>
                <DryThunderstorm>0.294</DryThunderstorm>
                <Fog>0.686</Fog>
                <SnowGentle>2.941</SnowGentle>
                <SnowHard>1.667</SnowHard>
              </baseWeatherCommonalities>
            </value>
          </li>
          <li Class="PatchOperationFindMod">            <!-- ReGrowth - Core -->
            <mods>
              <li>ReGrowth - Core</li>
            </mods>
            <match Class="PatchOperationAdd">
              <xpath>/Defs/BiomeDef[defName="IceSheet"]/baseWeatherCommonalities</xpath>
              <value>
                <RG_FoggySnow>0.490</RG_FoggySnow>
              </value>
            </match>
          </li>
        </operations>
      </li>
      <li Class="PatchOperationSequence">        <!-- Animals -->
        <operations>
          <li Class="PatchOperationReplace">            <!-- Vanilla -->
            <xpath>/Defs/BiomeDef[defName="IceSheet"]/wildAnimals</xpath>
            <value>
              <wildAnimals>
                <Bear_Polar>0.596</Bear_Polar>
                <Megasloth>0.012</Megasloth>
                <Muffalo>0.119</Muffalo>
              </wildAnimals>
            </value>
          </li>
          <li Class="PatchOperationFindMod">            <!-- Megafauna-->
            <mods>
              <li>Megafauna</li>
            </mods>
            <match Class="PatchOperationAdd">
              <xpath>/Defs/BiomeDef[defName = "IceSheet"]/wildAnimals</xpath>
              <value>
                <Elasmotherium>0.119</Elasmotherium>
                <Gomphotaria>0.119</Gomphotaria>
                <Palaeeudyptes>0.199</Palaeeudyptes>
                <Smilodon>0.119</Smilodon>
                <WoollyMammoth>0.012</WoollyMammoth>
              </value>
            </match>
          </li>
          <li Class="PatchOperationFindMod">            <!-- Alpha Animals -->
            <mods>
              <li>Alpha Animals</li>
            </mods>
            <match Class="PatchOperationAdd">
              <xpath>/Defs/BiomeDef[defName = "IceSheet"]/wildAnimals</xpath>
              <value>
                <AA_Blizzarisk>0.002</AA_Blizzarisk>
                <AA_ChameleonYak>0.199</AA_ChameleonYak>
                <AA_CrystalMit>0.119</AA_CrystalMit>
                <AA_FrostAve>1.986</AA_FrostAve>
                <AA_Frostmite>1.390</AA_Frostmite>
                <AA_MegaLouse>0.004</AA_MegaLouse>
                <AA_PebbleMit>0.012</AA_PebbleMit>
                <AA_Radyak>0.012</AA_Radyak>
                <AA_Slurrypede>0.004</AA_Slurrypede>
                <AA_TeratogenicOriginator>0.012</AA_TeratogenicOriginator>
              </value>
            </match>
          </li>
          <li Class="PatchOperationFindMod">            <!-- VAE - Tundra -->
            <mods>
              <li>Vanilla Animals Expanded - Tundra</li>
            </mods>
            <match Class="PatchOperationAdd">
              <xpath>/Defs/BiomeDef[defName = "IceSheet"]/wildAnimals</xpath>
              <value>
                <AEXP_MegaWolverine>0.199</AEXP_MegaWolverine>
                <AEXP_Muskox>0.596</AEXP_Muskox>
              </value>
            </match>
          </li>
          <li Class="PatchOperationFindMod">            <!-- VAE - Ice Sheet -->
            <mods>
              <li>Vanilla Animals Expanded - Ice Sheet</li>
            </mods>
            <match Class="PatchOperationAdd">
              <xpath>/Defs/BiomeDef[defName = "IceSheet"]/wildAnimals</xpath>
              <value>
                <AEXP_Penguin>2.979</AEXP_Penguin>
                <AEXP_Seal>0.596</AEXP_Seal>
                <AEXP_Walrus>0.397</AEXP_Walrus>
              </value>
            </match>
          </li>
          <li Class="PatchOperationFindMod">            <!-- VAE - Boreal Forest -->
            <mods>
              <li>Vanilla Animals Expanded - Boreal Forest</li>
            </mods>
            <match Class="PatchOperationAdd">
              <xpath>/Defs/BiomeDef[defName = "IceSheet"]/wildAnimals</xpath>
              <value>
                <AEXP_Otter>0.199</AEXP_Otter>
              </value>
            </match>
          </li>
        </operations>
      </li>

      <!-- Permafrost Patches -->
      <li Class="PatchOperationSequence">        <!-- Weather -->
        <operations>
          <li Class="PatchOperationFindMod">            <!-- ReGrowth - Core -->
            <mods>
              <li>ReGrowth - Core</li>
            </mods>
            <match Class="PatchOperationAdd">
              <xpath>/Defs/BiomeDef[defName="Permafrost"]/baseWeatherCommonalities</xpath>
              <value>
                <RG_Drizzle>0.717</RG_Drizzle>
                <RG_FoggySnow>0.628</RG_FoggySnow>
              </value>
            </match>
          </li>
        </operations>
      </li>
      <li Class="PatchOperationSequence">        <!-- Animals -->
        <operations>
          <li Class="PatchOperationFindMod">            <!-- Megafauna -->
            <mods>
              <li>Megafauna</li>
            </mods>
            <match Class="PatchOperationAdd">
              <xpath>/Defs/BiomeDef[defName="Permafrost"]/wildAnimals</xpath>
              <value>
                <Doedicurus>0.094</Doedicurus>
                <Elasmotherium>0.019</Elasmotherium>
                <Gomphotaria>0.019</Gomphotaria>
                <Palaeeudyptes>0.094</Palaeeudyptes>
                <ShortfacedBear>0.188</ShortfacedBear>
                <Smilodon>0.056</Smilodon>
                <WoollyMammoth>0.094</WoollyMammoth>
              </value>
            </match>
          </li>
          <li Class="PatchOperationFindmod">            <!-- Alpha Animals -->
            <mods>
              <li>Alpha Animals</li>
            </mods>
            <match Class="PatchOperationAdd">
              <xpath>/Defs/BiomeDef[defName="Permafrost"]/wildAnimals</xpath>
              <value>
                <AA_BedBug>0.056</AA_BedBug>
                <AA_Blizzarisk>0.002</AA_Blizzarisk>
                <AA_BoulderMit>0.056</AA_BoulderMit>
                <AA_ChameleonYak>0.094</AA_ChameleonYak>
                <AA_CrystalMit>0.056</AA_CrystalMit>
                <AA_FrostAve>0.940</AA_FrostAve>
                <AA_Frostmite>0.470</AA_Frostmite>
                <AA_MegaLouse>0.002</AA_MegaLouse>
                <AA_PebbleMit>0.006</AA_PebbleMit>
                <AA_Radyak>0.006</AA_Radyak>
                <AA_Razorjack>0.019</AA_Razorjack>
                <AA_Slurrypede>0.002</AA_Slurrypede>
                <AA_TeratogenicOriginator>0.006</AA_TeratogenicOriginator>
                <AA_Thermadon>0.004</AA_Thermadon>
              </value>
            </match>
          </li>
          <li Class="PatchOperationFindMod">            <!-- VAE - Boreal Forest -->
            <mods>
              <li>Vanilla Animals Expanded - Boreal Forest</li>
            </mods>
            <match Class="PatchOperationAdd">
              <xpath>/Defs/BiomeDef[defName="Permafrost"]/wildAnimals</xpath>
              <value>
                <AEXP_ArcticCoyote>0.188</AEXP_ArcticCoyote>
                <AEXP_Otter>0.188</AEXP_Otter>
              </value>
            </match>
          </li>
          <li Class="PatchOperationFindMod">            <!-- VAE - Tundra -->
            <mods>
              <li>Vanilla Animals Expanded - Tundra</li>
            </mods>
            <match Class="PatchOperationAdd">
              <xpath>/Defs/BiomeDef[defName="Permafrost"]/wildAnimals</xpath>
              <value>
                <AEXP_MegaWolverine>0.094</AEXP_MegaWolverine>
                <AEXP_Moose>0.940</AEXP_Moose>
                <AEXP_Muskox>0.470</AEXP_Muskox>
              </value>
            </match>
          </li>
          <li Class="PatchOperationFindMod">            <!-- VAE - Ice Sheet -->
            <mods>
              <li>Vanilla Animals Expanded - Ice Sheet</li>
            </mods>
            <match Class="PatchOperationAdd">
              <xpath>/Defs/BiomeDef[defName="Permafrost"]/wildAnimals</xpath>
              <value>
                <AEXP_Penguin>0.958</AEXP_Penguin>
                <AEXP_Seal>0.188</AEXP_Seal>
                <AEXP_Walrus>0.188</AEXP_Walrus>
              </value>
            </match>
          </li>
          <li Class="PatchOperationFindMod">            <!-- Erin's Mountain Animals -->
            <mods>
              <li>Erin's Mountain Animals</li>
            </mods>
            <match Class="PatchOperationAdd">
              <xpath>/Defs/BiomeDef[defName="Permafrost"]/wildAnimals</xpath>
              <value>
                <Snow_leopard>0.094</Snow_leopard>
              </value>
            </match>
          </li>
        </operations>
      </li>

      <!-- Tundra Patches -->
      <li Class="PatchOperationReplace">        <!-- Biomeworker -->
        <xpath>/Defs/BiomeDef[defName="Tundra"]/workerClass</xpath>
        <value>
          <workerClass>RimUniverse.BiomesModule.BiomeWorker_Tundra</workerClass>
        </value>
      </li>
      <li Class="PatchOperationReplace">        <!-- Perlin -->
        <xpath>/Defs/BiomeDef[defName="Tundra"]/terrainPatchMakers</xpath>
        <value>
          <terrainPatchMakers>
            <li>
              <perlinFrequency>0.013</perlinFrequency>
              <thresholds>
                <li>
                  <terrain>MossyTerrain</terrain>
                  <min>0.31</min>
                  <max>0.77</max>
                </li>
                <li>
                  <terrain>Marsh</terrain>
                  <min>0.77</min>
                  <max>999</max>
                </li>
              </thresholds>
            </li>
          </terrainPatchMakers>
        </value>
      </li>
      <li Class="PatchOperationSequence">        <!-- Density -->
        <operations>
          <li Class="PatchOperationReplace">
            <xpath>/Defs/BiomeDef[defName="Tundra"]/animalDensity</xpath>
            <value>
              <animalDensity>1.650</animalDensity>
            </value>
          </li>
          <li Class="PatchOperationReplace">
            <xpath>/Defs/BiomeDef[defName="Tundra"]/plantDensity</xpath>
            <value>
              <plantDensity>0.225</plantDensity>
            </value>
          </li>
        </operations>
      </li>
      <li Class="PatchOperationSequence">        <!-- Weather -->
        <operations>
          <li Class="PatchOperationReplace">            <!-- Vanilla -->
            <xpath>/Defs/BiomeDef[defName="Tundra"]/baseWeatherCommonalities</xpath>
            <value>
              <baseWeatherCommonalities>
                <Clear>3.306</Clear>
                <DryThunderstorm>0.248</DryThunderstorm>
                <Fog>1.653</Fog>
                <FoggyRain>1.240</FoggyRain>
                <Rain>0.826</Rain>
                <RainyThunderstorm>0.165</RainyThunderstorm>
                <SnowGentle>0.579</SnowGentle>
                <SnowHard>0.165</SnowHard>
              </baseWeatherCommonalities>
            </value>
          </li>
          <li Class="PatchOperationFindMod">            <!-- ReGrowth - Core -->
            <mods>
              <li>ReGrowth - Core</li>
            </mods>
            <match Class="PatchOperationAdd">
              <xpath>/Defs/BiomeDef[defName="Tundra"]/baseWeatherCommonalities</xpath>
              <value>
                <RG_Drizzle>0.992</RG_Drizzle>
                <RG_FoggySnow>0.826</RG_FoggySnow>
              </value>
            </match>
          </li>
        </operations>
      </li>
      <li Class="PatchOperationSequence">        <!-- Plants -->
        <operations>
          <li Class="PatchOperationReplace">            <!-- Vanilla -->
            <xpath>/Defs/BiomeDef[defName="Tundra"]/wildPlants</xpath>
            <value>
              <wildPlants>
                <Plant_Astragalus>0.746</Plant_Astragalus>
                <Plant_Brambles>0.896</Plant_Brambles>
                <Plant_Bush>0.896</Plant_Bush>
                <Plant_Grass>1.119</Plant_Grass>
                <Plant_Moss>1.493</Plant_Moss>
                <Plant_TreeBirch>0.373</Plant_TreeBirch>
                <Plant_TreePine>1.119</Plant_TreePine>
              </wildPlants>
            </value>
          </li>
          <li Class="PatchOperationFindMod">            <!-- ReGrowth - Boreal Expansion -->
            <mods>
              <li>ReGrowth - Boreal Expansion</li>
            </mods>
            <match Class="PatchOperationAdd">
              <xpath>/Defs/BiomeDef[defName="Tundra"]/wildPlants</xpath>
              <value>
                <RG-B_Plant_BlueTreePine>1.493</RG-B_Plant_BlueTreePine>
              </value>
            </match>
          </li>
          <li Class="PatchOperationFindMod">            <!-- ReGrowth - Cold Bog Expansion -->
            <mods>
              <li>ReGrowth - Cold Bog Expansion</li>
            </mods>
            <match Class="PatchOperationAdd">
              <xpath>/Defs/BiomeDef[defName="Tundra"]/wildPlants</xpath>
              <value>
                <RG-CB_Dervish>0.224</RG-CB_Dervish>
              </value>
            </match>
          </li>
          <li Class="PatchOperationFindMod">            <!-- ReGrowth - Tundra Expansion -->
            <mods>
              <li>ReGrowth - Tundra Expansion</li>
            </mods>
            <match Class="PatchOperationAdd">
              <xpath>/Defs/BiomeDef[defName="Tundra"]/wildPlants</xpath>
              <value>
                <RG-T_Plant_BramblesRed>0.373</RG-T_Plant_BramblesRed>
                <RG-T_Plant_BramblesYellow>0.373</RG-T_Plant_BramblesYellow>
                <RG-T_Plant_LupineIceland>0.373</RG-T_Plant_LupineIceland>
                <RG-T_Plant_TundraCotton>0.149</RG-T_Plant_TundraCotton>
                <RG-T_Plant_YellowTreePine>0.373</RG-T_Plant_YellowTreePine>
              </value>
            </match>
          </li>
        </operations>
      </li>
      <li Class="PatchOperationSequence">        <!-- Animals -->
        <operations>
          <li Class="PatchOperationReplace">            <!-- Vanilla -->
            <xpath>/Defs/BiomeDef[defName="Tundra"]/wildAnimals</xpath>
            <value>
              <wildAnimals>
                <Bear_Polar>0.147</Bear_Polar>
                <Boomrat>0.004</Boomrat>
                <Caribou>0.513</Caribou>
                <Elk>1.099</Elk>
                <Fox_Arctic>0.147</Fox_Arctic>
                <Ibex>0.733</Ibex>
                <Lynx>0.220</Lynx>
                <Snowhare>1.099</Snowhare>
                <Warg>0.037</Warg>
                <Wolf_Arctic>0.220</Wolf_Arctic>
                <Yak>0.366</Yak>
              </wildAnimals>
            </value>
          </li>
          <li Class="PatchOperationFindMod">            <!-- Megafauna -->
            <mods>
              <li>Megafauna</li>
            </mods>
            <match Class="PatchOperationAdd">
              <xpath>/Defs/BiomeDef[defName = "Tundra"]/wildAnimals</xpath>
              <value>
                <Castoroides>0.366</Castoroides>
                <Doedicurus>0.147</Doedicurus>
                <Enhydriodon>0.073</Enhydriodon>
                <Gigantopithecus>0.220</Gigantopithecus>
                <Josephoartigasia>0.147</Josephoartigasia>
                <Macrauchenia>0.044</Macrauchenia>
                <Megaloceros>0.220</Megaloceros>
                <Palaeeudyptes>0.073</Palaeeudyptes>
                <Paraceratherium>0.073</Paraceratherium>
                <Platybelodon>0.073</Platybelodon>
                <ShortfacedBear>0.147</ShortfacedBear>
                <Smilodon>0.044</Smilodon>
                <Uintatherium>0.073</Uintatherium>
                <WoollyMammoth>0.073</WoollyMammoth>
              </value>
            </match>
          </li>
          <li Class="PatchOperationFindMod">            <!-- Alpha Animals -->
            <mods>
              <li>Alpha Animals</li>
            </mods>
            <match Class="PatchOperationAdd">
              <xpath>/Defs/BiomeDef[defName = "Tundra"]/wildAnimals</xpath>
              <value>
                <AA_Aerofleet>0.044</AA_Aerofleet>
                <AA_ArcticLion>0.044</AA_ArcticLion>
                <AA_BedBug>0.044</AA_BedBug>
                <AA_Blizzarisk>0.001</AA_Blizzarisk>
                <AA_BoulderMit>0.044</AA_BoulderMit>
                <AA_ChameleonYak>0.147</AA_ChameleonYak>
                <AA_CrystalMit>0.044</AA_CrystalMit>
                <AA_Frostmite>0.220</AA_Frostmite>
                <AA_MegaLouse>0.001</AA_MegaLouse>
                <AA_NightAve>0.044</AA_NightAve>
                <AA_OcularJelly>0.004</AA_OcularJelly>
                <AA_PebbleMit>0.004</AA_PebbleMit>
                <AA_Razorjack>0.015</AA_Razorjack>
                <AA_Slurrypede>0.001</AA_Slurrypede>
                <AA_TeratogenicOriginator>0.004</AA_TeratogenicOriginator>
                <AA_Thermadon>0.003</AA_Thermadon>
              </value>
            </match>
          </li>
          <li Class="PatchOperationFindMod">            <!-- Dinosauria -->
            <mods>
              <li>Dinosauria</li>
            </mods>
            <match Class="PatchOperationAdd">
              <xpath>/Defs/BiomeDef[defName = "Tundra"]/wildAnimals</xpath>
              <value>
                <Yutyrannus>0.007</Yutyrannus>
              </value>
            </match>
          </li>
          <li Class="PatchOperationFindMod">            <!-- VAE - Tundra -->
            <mods>
              <li>Vanilla Animals Expanded - Tundra</li>
            </mods>
            <match Class="PatchOperationAdd">
              <xpath>/Defs/BiomeDef[defName = "Tundra"]/wildAnimals</xpath>
              <value>
                <AEXP_MegaWolverine>0.073</AEXP_MegaWolverine>
                <AEXP_Moose>1.099</AEXP_Moose>
                <AEXP_Muskox>0.513</AEXP_Muskox>
                <AEXP_Porcupine>0.220</AEXP_Porcupine>
              </value>
            </match>
          </li>
          <li Class="PatchOperationFindMod">            <!-- VAE - Boreal Forest -->
            <mods>
              <li>Vanilla Animals Expanded - Boreal Forest</li>
            </mods>
            <match Class="PatchOperationAdd">
              <xpath>/Defs/BiomeDef[defName = "Tundra"]/wildAnimals</xpath>
              <value>
                <AEXP_ArcticCoyote>0.220</AEXP_ArcticCoyote>
                <AEXP_Otter>0.220</AEXP_Otter>
              </value>
            </match>
          </li>
          <li Class="PatchOperationFindMod">            <!-- Erin's Mountain Animals -->
            <mods>
              <li>Erin's Mountain Animals</li>
            </mods>
            <match Class="PatchOperationSequence">
              <operations>
                <li Class="PatchOperationAdd">
                  <xpath>/Defs/BiomeDef[defName="Tundra"]/wildAnimals</xpath>
                  <value>
                    <Argali>0.293</Argali>
                    <Pallas_cat>0.000</Pallas_cat>
                    <Pika>0.220</Pika>
                    <Snow_leopard>0.147</Snow_leopard>
                  </value>
                </li>
                <li Class="PatchOperationRemove">
                  <xpath>/Defs/BiomeDef[defName="Tundra"]/wildAnimals/Pallas_cat</xpath>
                </li>
              </operations>
            </match>
          </li>
        </operations>
      </li>

      <!-- Cold Bog Patches -->
      <li Class="PatchOperationReplace">        <!-- Biomeworker -->
        <xpath>/Defs/BiomeDef[defName="ColdBog"]/workerClass</xpath>
        <value>
          <workerClass>RimUniverse.BiomesModule.BiomeWorker_ColdBog</workerClass>
        </value>
      </li>
      <li Class="PatchOperationReplace">        <!-- Perlin -->
        <xpath>/Defs/BiomeDef[defName="ColdBog"]/terrainPatchMakers</xpath>
        <value>
          <terrainPatchMakers>
            <li>
              <perlinFrequency>0.021</perlinFrequency>
              <thresholds>
                <li>
                  <terrain>SoilRich</terrain>
                  <min>-0.08</min>
                  <max>0.12</max>
                </li>
                <li>
                  <terrain>MarshyTerrain</terrain>
                  <min>0.12</min>
                  <max>0.27</max>
                </li>
                <li>
                  <terrain>Mud</terrain>
                  <min>0.27</min>
                  <max>0.41</max>
                </li>
                <li>
                  <terrain>Marsh</terrain>
                  <min>0.41</min>
                  <max>1.15</max>
                </li>
              </thresholds>
            </li>
            <li>
              <perlinFrequency>0.027</perlinFrequency>
              <thresholds>
                <li>
                  <terrain>MossyTerrain</terrain>
                  <min>0.14</min>
                  <max>0.42</max>
                </li>
                <li>
                  <terrain>Marsh</terrain>
                  <min>0.42</min>
                  <max>999</max>
                </li>
              </thresholds>
            </li>
          </terrainPatchMakers>
        </value>
      </li>
      <li Class="PatchOperationSequence">        <!-- Density -->
        <operations>
          <li Class="PatchOperationReplace">
            <xpath>/Defs/BiomeDef[defName="ColdBog"]/animalDensity</xpath>
            <value>
              <animalDensity>2.500</animalDensity>
            </value>
          </li>
          <li Class="PatchOperationReplace">
            <xpath>/Defs/BiomeDef[defName="ColdBog"]/plantDensity</xpath>
            <value>
              <plantDensity>0.400</plantDensity>
            </value>
          </li>
        </operations>
      </li>
      <li Class="PatchOperationSequence">        <!-- Weather -->
        <operations>
          <li Class="PatchOperationReplace">            <!-- Vanilla -->
            <xpath>/Defs/BiomeDef[defName="ColdBog"]/baseWeatherCommonalities</xpath>
            <value>
              <baseWeatherCommonalities>
                <Clear>2.742</Clear>
                <DryThunderstorm>0.161</DryThunderstorm>
                <Fog>1.452</Fog>
                <FoggyRain>1.441</FoggyRain>
                <Rain>0.968</Rain>
                <RainyThunderstorm>0.645</RainyThunderstorm>
                <SnowGentle>0.403</SnowGentle>
                <SnowHard>0.161</SnowHard>
              </baseWeatherCommonalities>
            </value>
          </li>
          <li Class="PatchOperationFindMod">            <!-- ReGrowth - Core -->
            <mods>
              <li>ReGrowth - Core</li>
            </mods>
            <match Class="PatchOperationAdd">
              <xpath>/Defs/BiomeDef[defName="ColdBog"]/baseWeatherCommonalities</xpath>
              <value>
                <RG_Drizzle>1.210</RG_Drizzle>
                <RG_FoggySnow>0.806</RG_FoggySnow>
              </value>
            </match>
          </li>
        </operations>
      </li>
      <li Class="PatchOperationSequence">        <!-- Plants -->
        <operations>
          <li Class="PatchOperationReplace">            <!-- Vanilla -->
            <xpath>/Defs/BiomeDef[defName="ColdBog"]/wildPlants</xpath>
            <value>
              <wildPlants>
                <Plant_Astragalus>0.462</Plant_Astragalus>
                <Plant_Berry>0.023</Plant_Berry>
                <Plant_Brambles>0.554</Plant_Brambles>
                <Plant_Bush>0.693</Plant_Bush>
                <Plant_Grass>0.924</Plant_Grass>
                <Plant_Moss>0.924</Plant_Moss>
                <Plant_TallGrass>0.554</Plant_TallGrass>
                <Plant_TreeBirch>0.323</Plant_TreeBirch>
                <Plant_TreePine>0.924</Plant_TreePine>
              </wildPlants>
            </value>
          </li>
          <li Class="PatchOperationFindMod">            <!-- ReGrowth - Boreal Expansion -->
            <mods>
              <li>ReGrowth - Boreal Expansion</li>
            </mods>
            <match Class="PatchOperationAdd">
              <xpath>/Defs/BiomeDef[defName="ColdBog"]/wildPlants</xpath>
              <value>
                <RG-BF_Plant_BorealFern>0.554</RG-BF_Plant_BorealFern>
                <RG-BF_Plant_RimReed>0.231</RG-BF_Plant_RimReed>
                <RG-BF_Plant_LargeTreePine>0.693</RG-BF_Plant_LargeTreePine>
                <RG-BF_Plant_BlueTreePine>0.693</RG-BF_Plant_BlueTreePine>
              </value>
            </match>
          </li>
          <li Class="PatchOperationFindMod">            <!-- ReGrowth - Cold Bog Expansion -->
            <mods>
              <li>ReGrowth - Cold Bog Expansion</li>
            </mods>
            <match Class="PatchOperationAdd">
              <xpath>/Defs/BiomeDef[defName="ColdBog"]/wildPlants</xpath>
              <value>
                <RG-CB_Plant_BogTreePine>0.924</RG-CB_Plant_BogTreePine>
                <RG-CB_Dervish>0.139</RG-CB_Dervish>
                <RG-CB_Plant_ReedGrass>0.462</RG-CB_Plant_ReedGrass>
                <RG-CB_Volopus>0.231</RG-CB_Volopus>
              </value>
            </match>
          </li>
          <li Class="PatchOperationFindMod">            <!-- ReGrowth - Tundra Expansion -->
            <mods>
              <li>ReGrowth - Tundra Expansion</li>
            </mods>
            <match Class="PatchOperationAdd">
              <xpath>/Defs/BiomeDef[defName="ColdBog"]/wildPlants</xpath>
              <value>
                <RG-T_Plant_LupineIceland>0.231</RG-T_Plant_LupineIceland>
                <RG-T_Plant_YellowTreePine>0.462</RG-T_Plant_YellowTreePine>
              </value>
            </match>
          </li>
        </operations>
      </li>
      <li Class="PatchOperationSequence">        <!-- Animals -->
        <operations>
          <li Class="PatchOperationReplace">            <!-- Vanilla -->
            <xpath>/Defs/BiomeDef[defName="ColdBog"]/wildAnimals</xpath>
            <value>
              <wildAnimals>
                <Bear_Polar>0.137</Bear_Polar>
                <Boomrat>0.004</Boomrat>
                <Caribou>0.341</Caribou>
                <Elk>1.024</Elk>
                <Fox_Arctic>0.205</Fox_Arctic>
                <Ibex>0.683</Ibex>
                <Lynx>0.205</Lynx>
                <Rat>0.683</Rat>
                <Snowhare>1.024</Snowhare>
                <Warg>0.068</Warg>
                <Wolf_Arctic>0.220</Wolf_Arctic>
                <Wolf_Timber>0.068</Wolf_Timber>
                <Yak>0.068</Yak>
              </wildAnimals>
            </value>
          </li>
          <li Class="PatchOperationFindMod">            <!-- Megafauna -->
            <mods>
              <li>Megafauna</li>
            </mods>
            <match Class="PatchOperationAdd">
              <xpath>/Defs/BiomeDef[defName = "ColdBog"]/wildAnimals</xpath>
              <value>
                <Castoroides>0.478</Castoroides>
                <Dinocrocuta>0.014</Dinocrocuta>
                <Dinornis>0.041</Dinornis>
                <Enhydriodon>0.137</Enhydriodon>
                <Gigantopithecus>0.205</Gigantopithecus>
                <Josephoartigasia>0.137</Josephoartigasia>
                <Macrauchenia>0.068</Macrauchenia>
                <Megaloceros>0.341</Megaloceros>
                <Megalochelys>0.068</Megalochelys>
                <Paraceratherium>0.068</Paraceratherium>
                <Platybelodon>0.068</Platybelodon>
                <ShortfacedBear>0.137</ShortfacedBear>
                <Smilodon>0.014</Smilodon>
                <Uintatherium>0.068</Uintatherium>
                <WoollyMammoth>0.068</WoollyMammoth>
              </value>
            </match>
          </li>
          <li Class="PatchOperationFindMod">            <!-- Alpha Animals -->
            <mods>
              <li>Alpha Animals</li>
            </mods>
            <match Class="PatchOperationAdd">
              <xpath>/Defs/BiomeDef[defName = "ColdBog"]/wildAnimals</xpath>
              <value>
                <AA_ArcticLion>0.041</AA_ArcticLion>
                <AA_BedBug>0.041</AA_BedBug>
                <AA_Bumbledrone>0.205</AA_Bumbledrone>
                <AA_BumbledroneHierophant>0.041</AA_BumbledroneHierophant>
                <AA_ChameleonYak>0.137</AA_ChameleonYak>
                <AA_CrystalMit>0.041</AA_CrystalMit>
                <AA_MegaLouse>0.001</AA_MegaLouse>
                <AA_NightAve>0.041</AA_NightAve>
                <AA_Nightling>0.0014</AA_Nightling>
                <AA_OcularJelly>0.004</AA_OcularJelly>
                <AA_PebbleMit>0.004</AA_PebbleMit>
                <AA_Razorjack>0.014</AA_Razorjack>
                <AA_Slurrypede>0.001</AA_Slurrypede>
                <AA_TeratogenicOriginator>0.004</AA_TeratogenicOriginator>
                <AA_Thermadon>0.003</AA_Thermadon>
              </value>
            </match>
          </li>
          <li Class="PatchOperationFindMod">            <!-- Dinosauria -->
            <mods>
              <li>Dinosauria</li>
            </mods>
            <match Class="PatchOperationAdd">
              <xpath>/Defs/BiomeDef[defName = "ColdBog"]/wildAnimals</xpath>
              <value>
                <Ankylosaurus>0.041</Ankylosaurus>
                <Yutyrannus>0.007</Yutyrannus>
              </value>
            </match>
          </li>
          <li Class="PatchOperationFindMod">            <!-- VAE - Arid Shrubland -->
            <mods>
              <li>Vanilla Animals Expanded - Arid Shrubland</li>
            </mods>
            <match Class="PatchOperationAdd">
              <xpath>/Defs/BiomeDef[defName = "ColdBog"]/wildAnimals</xpath>
              <value>
                <AEXP_Coyote>0.071</AEXP_Coyote>
              </value>
            </match>
          </li>
          <li Class="PatchOperationFindMod">            <!-- VAE - Tundra -->
            <mods>
              <li>Vanilla Animals Expanded - Tundra</li>
            </mods>
            <match Class="PatchOperationAdd">
              <xpath>/Defs/BiomeDef[defName = "ColdBog"]/wildAnimals</xpath>
              <value>
                <AEXP_MegaWolverine>0.068</AEXP_MegaWolverine>
                <AEXP_Moose>1.024</AEXP_Moose>
                <AEXP_Muskox>0.478</AEXP_Muskox>
                <AEXP_Porcupine>0.205</AEXP_Porcupine>
              </value>
            </match>
          </li>
          <li Class="PatchOperationFindMod">            <!-- VAE - Boreal Forest -->
            <mods>
              <li>Vanilla Animals Expanded - Boreal Forest</li>
            </mods>
            <match Class="PatchOperationAdd">
              <xpath>/Defs/BiomeDef[defName = "ColdBog"]/wildAnimals</xpath>
              <value>
                <AEXP_ArcticCoyote>0.205</AEXP_ArcticCoyote>
                <AEXP_BlackBear>0.137</AEXP_BlackBear>
                <AEXP_Otter>0.205</AEXP_Otter>
              </value>
            </match>
          </li>
          <li Class="PatchOperationFindMod">            <!-- Erin's Mountain Animals -->
            <mods>
              <li>Erin's Mountain Animals</li>
            </mods>
            <match Class="PatchOperationAdd">
              <xpath>/Defs/BiomeDef[defName="ColdBog"]/wildAnimals</xpath>
              <value>
                <Snow_leopard>0.137</Snow_leopard>
              </value>
            </match>
          </li>
        </operations>
      </li>

      <!-- Boreal Forest Patches -->
      <li Class="PatchOperationReplace">        <!-- Biomeworker -->
        <xpath>/Defs/BiomeDef[defName="BorealForest"]/workerClass</xpath>
        <value>
          <workerClass>RimUniverse.BiomesModule.BiomeWorker_BorealForest</workerClass>
        </value>
      </li>
      <li Class="PatchOperationReplace">        <!-- Perlin -->
        <xpath>/Defs/BiomeDef[defName="BorealForest"]/terrainPatchMakers</xpath>
        <value>
          <terrainPatchMakers>
            <li>
              <perlinFrequency>0.011</perlinFrequency>
              <thresholds>
                <li>
                  <terrain>MossyTerrain</terrain>
                  <min>0.00</min>
                  <max>0.49</max>
                </li>
                <li>
                  <terrain>Marsh</terrain>
                  <min>0.49</min>
                  <max>0.81</max>
                </li>
                <li>
                  <terrain>WaterShallow</terrain>
                  <min>0.81</min>
                  <max>1.74</max>
                </li>
                <li>
                  <terrain>WaterDeep</terrain>
                  <min>1.74</min>
                  <max>999</max>
                </li>
              </thresholds>
            </li>
          </terrainPatchMakers>
        </value>
      </li>
      <li Class="PatchOperationSequence">        <!-- Density -->
        <operations>
          <li Class="PatchOperationReplace">
            <xpath>/Defs/BiomeDef[defName="BorealForest"]/animalDensity</xpath>
            <value>
              <animalDensity>3.750</animalDensity>
            </value>
          </li>
          <li Class="PatchOperationReplace">
            <xpath>/Defs/BiomeDef[defName="BorealForest"]/plantDensity</xpath>
            <value>
              <plantDensity>0.925</plantDensity>
            </value>
          </li>
        </operations>
      </li>
      <li Class="PatchOperationSequence">        <!-- Weather -->
        <operations>
          <li Class="PatchOperationReplace">            <!-- Vanilla -->
            <xpath>/Defs/BiomeDef[defName="BorealForest"]/baseWeatherCommonalities</xpath>
            <value>
              <baseWeatherCommonalities>
                <Clear>3.790</Clear>
                <DryThunderstorm>0.161</DryThunderstorm>
                <Fog>0.806</Fog>
                <FoggyRain>0.968</FoggyRain>
                <Rain>1.210</Rain>
                <RainyThunderstorm>0.645</RainyThunderstorm>
                <SnowGentle>0.161</SnowGentle>
                <SnowHard>0.081</SnowHard>
              </baseWeatherCommonalities>
            </value>
          </li>
          <li Class="PatchOperationFindMod">            <!-- ReGrowth - Core -->
            <mods>
              <li>ReGrowth - Core</li>
            </mods>
            <match Class="PatchOperationAdd">
              <xpath>/Defs/BiomeDef[defName="BorealForest"]/baseWeatherCommonalities</xpath>
              <value>
                <RG_Drizzle>1.613</RG_Drizzle>
                <RG_FoggySnow>0.565</RG_FoggySnow>
              </value>
            </match>
          </li>
        </operations>
      </li>
      <li Class="PatchOperationSequence">        <!-- Plants -->
        <operations>
          <li Class="PatchOperationReplace">            <!-- Vanilla -->
            <xpath>/Defs/BiomeDef[defName="BorealForest"]/wildPlants</xpath>
            <value>
              <wildPlants>
                <Plant_Astragalus>0.427</Plant_Astragalus>
                <Plant_Berry>0.021</Plant_Berry>
                <Plant_Brambles>0.855</Plant_Brambles>
                <Plant_Bush>0.855</Plant_Bush>
                <Plant_Grass>0.855</Plant_Grass>
                <Plant_HealrootWild>0.021</Plant_HealrootWild>
                <Plant_Moss>0.641</Plant_Moss>
                <Plant_TallGrass>0.641</Plant_TallGrass>
                <Plant_TreeBirch>0.427</Plant_TreeBirch>
                <Plant_TreeCypress>0.641</Plant_TreeCypress>
                <Plant_TreePine>0.855</Plant_TreePine>
                <Plant_TreePoplar>0.513</Plant_TreePoplar>
              </wildPlants>
            </value>
          </li>
          <li Class="PatchOperationFindMod">            <!-- ReGrowth - Boreal Expansion -->
            <mods>
              <li>ReGrowth - Boreal Expansion</li>
            </mods>
            <match Class="PatchOperationAdd">
              <xpath>/Defs/BiomeDef[defName="BorealForest"]/wildPlants</xpath>
              <value>
                <RG-BF_Plant_BorealFern>0.641</RG-BF_Plant_BorealFern>
                <RG-BF_Plant_RimReed>0.299</RG-BF_Plant_RimReed>
                <RG-BF_Plant_LargeTreePine>0.855</RG-BF_Plant_LargeTreePine>
                <RG-BF_Plant_BlueTreePine>0.513</RG-BF_Plant_BlueTreePine>
              </value>
            </match>
          </li>
          <li Class="PatchOperationFindMod">            <!-- ReGrowth - Cold Bog Expansion -->
            <mods>
              <li>ReGrowth - Cold Bog Expansion</li>
            </mods>
            <match Class="PatchOperationAdd">
              <xpath>/Defs/BiomeDef[defName="BorealForest"]/wildPlants</xpath>
              <value>
                <RG-CB_Dervish>0.043</RG-CB_Dervish>
                <RG-CB_Plant_ReedGrass>0.214</RG-CB_Plant_ReedGrass>
              </value>
            </match>
          </li>
          <li Class="PatchOperationFindMod">            <!-- ReGrowth - Temperate Forest Expansion -->
            <mods>
              <li>ReGrowth - Temperate Forest Expansion</li>
            </mods>
            <match Class="PatchOperationAdd">
              <xpath>/Defs/BiomeDef[defName="BorealForest"]/wildPlants</xpath>
              <value>
                <RG-TF_Plant_MountainDandelion>0.128</RG-TF_Plant_MountainDandelion>
                <RG-TF_Plant_NordicDandelion>0.128</RG-TF_Plant_NordicDandelion>
              </value>
            </match>
          </li>
          <li Class="PatchOperationFindMod">            <!-- ReGrowth - Tundra Expansion -->
            <mods>
              <li>ReGrowth - Tundra Expansion</li>
            </mods>
            <match Class="PatchOperationAdd">
              <xpath>/Defs/BiomeDef[defName="BorealForest"]/wildPlants</xpath>
              <value>
                <RG-T_Plant_LupineIceland>0.427</RG-T_Plant_LupineIceland>
              </value>
            </match>
          </li>
        </operations>
      </li>
      <li Class="PatchOperationSequence">        <!-- Animals -->
        <operations>
          <li Class="PatchOperationReplace">            <!-- Vanilla -->
            <xpath>/Defs/BiomeDef[defName="BorealForest"]/wildAnimals</xpath>
            <value>
              <wildAnimals>
                <Bear_Grizzly>0.080</Bear_Grizzly>
                <Bear_Polar>0.040</Bear_Polar>
                <Boomrat>0.002</Boomrat>
                <Caribou>0.280</Caribou>
                <Cougar>0.120</Cougar>
                <Deer>0.500</Deer>
                <Elk>0.600</Elk>
                <Fox_Arctic>0.120</Fox_Arctic>
                <Fox_Red>0.040</Fox_Red>
                <Hare>0.600</Hare>
                <Horse>0.120</Horse>
                <Ibex>0.600</Ibex>
                <Lynx>0.120</Lynx>
                <Raccoon>0.120</Raccoon>
                <Rat>0.400</Rat>
                <Snowhare>0.400</Snowhare>
                <Squirrel>0.400</Squirrel>
                <Turkey>0.120</Turkey>
                <Warg>0.080</Warg>
                <WildBoar>0.400</WildBoar>
                <Wolf_Arctic>0.080</Wolf_Arctic>
                <Wolf_Timber>0.080</Wolf_Timber>
                <Yak>0.280</Yak>
              </wildAnimals>
            </value>
          </li>
          <li Class="PatchOperationFindMod">            <!-- Megafauna -->
            <mods>
              <li>Megafauna</li>
            </mods>
            <match Class="PatchOperationAdd">
              <xpath>/Defs/BiomeDef[defName = "BorealForest"]/wildAnimals</xpath>
              <value>
                <Castoroides>0.280</Castoroides>
                <Dinocrocuta>0.008</Dinocrocuta>
                <Dinornis>0.024</Dinornis>
                <Diprotodon>0.120</Diprotodon>
                <Doedicurus>0.040</Doedicurus>
                <Enhydriodon>0.080</Enhydriodon>
                <Gigantopithecus>0.120</Gigantopithecus>
                <Josephoartigasia>0.080</Josephoartigasia>
                <Macrauchenia>0.040</Macrauchenia>
                <Megaloceros>0.200</Megaloceros>
                <Megalochelys>0.080</Megalochelys>
                <Paraceratherium>0.040</Paraceratherium>
                <Platybelodon>0.040</Platybelodon>
                <ShortfacedBear>0.080</ShortfacedBear>
                <Uintatherium>0.040</Uintatherium>
                <WoollyMammoth>0.024</WoollyMammoth>
                <Zygolophodon>0.024</Zygolophodon>
              </value>
            </match>
          </li>
          <li Class="PatchOperationFindMod">            <!-- Alpha Animals -->
            <mods>
              <li>Alpha Animals</li>
            </mods>
            <match Class="PatchOperationAdd">
              <xpath>/Defs/BiomeDef[defName = "BorealForest"]/wildAnimals</xpath>
              <value>
                <AA_Aerofleet>0.040</AA_Aerofleet>
                <AA_AngelMoth>0.024</AA_AngelMoth>
                <AA_AngelMothLarva>0.024</AA_AngelMothLarva>
                <AA_AnimusVox>0.024</AA_AnimusVox>
                <AA_ArcticLion>0.024</AA_ArcticLion>
                <AA_BedBug>0.024</AA_BedBug>
                <AA_BoulderMit>0.024</AA_BoulderMit>
                <AA_Bumbledrone>0.200</AA_Bumbledrone>
                <AA_BumbledroneHierophant>0.040</AA_BumbledroneHierophant>
                <AA_ChameleonYak>0.080</AA_ChameleonYak>
                <AA_MegaLouse>0.001</AA_MegaLouse>
                <AA_NightAve>0.024</AA_NightAve>
                <AA_Nightling>0.008</AA_Nightling>
                <AA_OcularJelly>0.002</AA_OcularJelly>
                <AA_Razorjack>0.008</AA_Razorjack>
                <AA_Slurrypede>0.001</AA_Slurrypede>
                <AA_TeratogenicOriginator>0.002</AA_TeratogenicOriginator>
                <AA_TetraSlug>0.001</AA_TetraSlug>
                <AA_Thermadon>0.002</AA_Thermadon>
              </value>
            </match>
          </li>
          <li Class="PatchOperationFindMod">            <!-- Dinosauria -->
            <mods>
              <li>Dinosauria</li>
            </mods>
            <match Class="PatchOperationAdd">
              <xpath>/Defs/BiomeDef[defName = "BorealForest"]/wildAnimals</xpath>
              <value>
                <Ankylosaurus>0.040</Ankylosaurus>
                <Brachiosaurus>0.040</Brachiosaurus>
                <Magyarosaurus>0.024</Magyarosaurus>
                <TyrannosaurusRex>0.008</TyrannosaurusRex>
                <Velociraptor>0.008</Velociraptor>
                <Yutyrannus>0.008</Yutyrannus>
              </value>
            </match>
          </li>
          <li Class="PatchOperationFindMod">            <!-- VAE - Tundra -->
            <mods>
              <li>Vanilla Animals Expanded - Tundra</li>
            </mods>
            <match Class="PatchOperationAdd">
              <xpath>/Defs/BiomeDef[defName = "BorealForest"]/wildAnimals</xpath>
              <value>
                <AEXP_MegaWolverine>0.040</AEXP_MegaWolverine>
                <AEXP_Moose>0.600</AEXP_Moose>
                <AEXP_Muskox>0.200</AEXP_Muskox>
                <AEXP_Porcupine>0.120</AEXP_Porcupine>
              </value>
            </match>
          </li>
          <li Class="PatchOperationFindMod">            <!-- VAE - Boreal Forest -->
            <mods>
              <li>Vanilla Animals Expanded - Boreal Forest</li>
            </mods>
            <match Class="PatchOperationAdd">
              <xpath>/Defs/BiomeDef[defName = "BorealForest"]/wildAnimals</xpath>
              <value>
                <AEXP_ArcticCoyote>0.080</AEXP_ArcticCoyote>
                <AEXP_BlackBear>0.120</AEXP_BlackBear>
                <AEXP_Otter>0.120</AEXP_Otter>
              </value>
            </match>
          </li>
          <li Class="PatchOperationFindMod">            <!-- VAE - Australia -->
            <mods>
              <li>Vanilla Animals Expanded - Australia</li>
            </mods>
            <match Class="PatchOperationAdd">
              <xpath>/Defs/BiomeDef[defName = "BorealForest"]/wildAnimals</xpath>
              <value>
                <AEXP_Platypus>0.120</AEXP_Platypus>
              </value>
            </match>
          </li>
          <li Class="PatchOperationFindMod">            <!-- VAE - Temperate Forest -->
            <mods>
              <li>Vanilla Animals Expanded - Temperate Forest</li>
            </mods>
            <match Class="PatchOperationAdd">
              <xpath>/Defs/BiomeDef[defName = "BorealForest"]/wildAnimals</xpath>
              <value>
                <AEXP_Beaver>0.120</AEXP_Beaver>
                <AEXP_Hedgehog>0.200</AEXP_Hedgehog>
                <AEXP_RedPanda>0.120</AEXP_RedPanda>
                <AEXP_WildGoose>0.120</AEXP_WildGoose>
              </value>
            </match>
          </li>
          <li Class="PatchOperationFindMod">            <!-- Erin's Mountain Animals -->
            <mods>
              <li>Erin's Mountain Animals</li>
            </mods>
            <match Class="PatchOperationAdd">
              <xpath>/Defs/BiomeDef[defName="BorealForest"]/wildAnimals</xpath>
              <value>
                <Argali>0.160</Argali>
                <Pika>0.200</Pika>
                <Snow_leopard>0.080</Snow_leopard>
                <Pallas_cat>0.024</Pallas_cat>
              </value>
            </match>
          </li>
        </operations>
      </li>
    </operations>
  </Operation>
</Patch>